{
  "m": 3,
  "n": 3,
  "s": {
    "0": 0.9999999919672427,
    "1": 0.00012674980919302067,
    "2": 1.0215299251590339e-8
  },
  "U": [
    [
      0.0062285577217582756,
      0.5324713441153656,
      0.8464251135007057
    ],
    [
      -0.012988561097732464,
      -0.8463270496002451,
      0.53250523227059
    ],
    [
      0.9998962457921905,
      -0.014310583877694778,
      0.0016446397059133831
    ]
  ],
  "V": [
    [
      0.005964886967888827,
      -0.5466534815237697,
      -0.8373376805455504
    ],
    [
      -0.005973609662432696,
      0.8373181574152032,
      -0.5466832897120693
    ],
    [
      -0.9999643674206906,
      -0.008262832489591716,
      -0.0017290136459099503
    ]
  ]
}